name,surname,phoneNumber,email,perfName,perfSurname,expID,subjID,perfPhoneNumber,perfEmail,expLevelID,expLevelName,subjectID,subjectName
Merline,Silkstone,559-906-8797,ggouldbourn0@java.com,Granville,Gouldbourn,1,1,148-277-9306,ggouldbourn0@ifeng.com,2,senior,8,Physics
Rennie,Dunning,575-900-4481,spaolinelli1@usa.gov,Shepherd,Paolinelli,2,10,145-312-7643,spaolinelli1@omniture.com,1,middle,1,Physics
Matthus,Pauleit,630-229-9742,clumsdon2@flavors.me,Cammy,Lumsdon,2,9,780-478-5836,clumsdon2@hostgator.com,2,senior,8,Biology
Hedvige,Joscelyne,159-481-7439,gsmart3@jimdo.com,Godart,Smart,2,8,139-454-5360,gsmart3@apache.org,2,senior,4,Biology
Willie,Drayton,878-367-6039,akrugmann4@msu.edu,Annabella,Krugmann,1,8,695-488-1849,akrugmann4@facebook.com,2,junior,7,PE
Dewie,McKeowon,954-600-5434,ekille5@google.com.au,Ede,Kille,1,3,793-878-5768,ekille5@issuu.com,3,senior,5,Physics
Guthrie,Morales,208-781-8667,hbavridge6@desdev.cn,Howey,Bavridge,3,6,891-234-8707,hbavridge6@utexas.edu,3,junior,7,Spanish
Gillian,Redferne,729-525-9401,cbyrd7@posterous.com,Cori,Byrd,3,3,253-776-7394,cbyrd7@ocn.ne.jp,2,junior,1,Biology
Gerti,Ashmole,238-517-1636,afranzini8@prweb.com,Abner,Franzini,2,1,579-573-0356,afranzini8@google.co.uk,3,middle,8,Maths
Joly,Stuke,648-316-8424,fcoley9@archive.org,Fons,Coley,1,1,970-948-9492,fcoley9@google.cn,1,junior,5,English
Haywood,Ondricek,882-560-1649,hvittela@cargocollective.com,Humbert,Vittel,3,7,660-599-0629,hvittela@digg.com,1,junior,10,Art
Lilas,Mackerel,259-184-7370,hgaveb@devhub.com,Hildagard,Gave,2,2,780-134-5092,hgaveb@msu.edu,3,senior,6,History
Nikki,Kilfoyle,638-709-7172,eselewayc@opensource.org,Eldredge,Seleway,1,8,684-848-9854,eselewayc@blogger.com,3,middle,7,Art
Clayton,Lerway,854-418-2297,etemld@wufoo.com,Ethelda,Teml,1,4,549-925-5415,etemld@scribd.com,3,junior,4,Maths
Carolann,Rowler,966-798-5052,ymccorleye@bizjournals.com,Ynez,McCorley,1,6,370-244-1722,ymccorleye@technorati.com,3,senior,5,Maths
Sapphire,Leyden,585-144-1988,clastyf@newyorker.com,Courtney,Lasty,1,8,959-324-2170,clastyf@omniture.com,2,senior,3,Maths
Angelica,Pengelly,858-229-8814,bcunniffg@live.com,Bryon,Cunniff,3,8,639-790-2233,bcunniffg@taobao.com,2,junior,6,French
Jamil,Dadd,982-796-3734,aweepersh@phpbb.com,Ami,Weepers,1,2,581-108-6213,aweepersh@who.int,2,middle,5,Maths
Ade,Birds,820-111-9478,nfyfei@economist.com,Niels,Fyfe,2,4,846-697-1384,nfyfei@nifty.com,1,junior,9,Biology
Hercules,Aizikov,684-643-2910,btwittyj@dell.com,Barby,Twitty,3,4,640-748-0799,btwittyj@angelfire.com,1,senior,2,French
Randi,Emburey,714-568-3589,dtorbettk@pinterest.com,Dick,Torbett,1,10,438-142-7262,dtorbettk@oakley.com,1,middle,4,PE
Claudina,Birkenhead,229-578-3455,aforemanl@time.com,Arda,Foreman,2,6,860-636-6726,aforemanl@youku.com,1,middle,7,Biology
Rodrigo,Bulloch,365-134-3147,lrowem@constantcontact.com,Laurence,Rowe,3,10,977-989-2955,lrowem@tuttocitta.it,3,junior,5,Art
Weidar,Gullam,223-373-6844,zblindmannn@1und1.de,Zared,Blindmann,2,6,528-404-2351,zblindmannn@accuweather.com,3,senior,6,Biology
Nanny,Gossington,606-168-7764,amusterdo@disqus.com,Alonso,Musterd,1,7,653-835-1148,amusterdo@dailymotion.com,3,junior,6,History
Valry,Durrans,779-967-7942,amorfettp@yandex.ru,Ase,Morfett,1,9,721-287-5778,amorfettp@smugmug.com,1,middle,3,Spanish
Lindsy,Paolotto,734-224-8641,otomainiq@shinystat.com,Othilie,Tomaini,1,2,580-364-0430,otomainiq@dropbox.com,2,junior,10,Physics
Winfield,Treadgold,861-204-0329,relphr@domainmarket.com,Rae,Elph,2,5,786-308-1223,relphr@hp.com,1,junior,3,Biology
Blake,Roelofsen,522-360-5139,bandrisss@google.com,Brewster,Andriss,3,3,545-713-3786,bandrisss@goo.gl,2,middle,2,Spanish
Emeline,Link,439-763-3059,dhauset@ebay.co.uk,Davidde,Hause,2,10,643-549-6721,dhauset@cyberchimps.com,3,junior,8,Chemistry
Kenon,Laminman,905-658-6621,smoorerudu@vkontakte.ru,Shela,Moorerud,1,9,173-730-4626,smoorerudu@ifeng.com,3,junior,9,English
Kalinda,Sample,702-839-0865,tpottellv@wiley.com,Tressa,Pottell,3,9,776-796-2195,tpottellv@telegraph.co.uk,1,senior,8,French
Rowen,Yorath,578-321-0911,dshoesmithw@eventbrite.com,Dollie,Shoesmith,2,4,932-861-8775,dshoesmithw@state.gov,1,junior,8,Maths
Coretta,Woodhouse,748-826-0211,fneathx@nifty.com,Fionnula,Neath,2,2,328-180-3640,fneathx@twitter.com,2,senior,3,English
Clayborne,Hassent,822-613-5092,kdollmany@cam.ac.uk,Kathryn,Dollman,3,2,481-971-7086,kdollmany@umn.edu,3,junior,1,Physics
Arabella,Tather,309-129-7075,igallymorez@trellian.com,Isabeau,Gallymore,1,2,573-195-8172,igallymorez@bbc.co.uk,3,middle,1,Chemistry
Barnabe,Benedek,976-914-8458,dnerheny10@mysql.com,Darrel,Nerheny,2,2,512-953-6100,dnerheny10@hatena.ne.jp,3,middle,6,Chemistry
Kaitlynn,Mayling,100-273-6862,svenables11@ow.ly,Sean,Venables,3,5,843-281-7880,svenables11@oakley.com,3,senior,10,Spanish
Red,Gadeaux,935-521-8268,bdunsire12@slate.com,Barnett,Dunsire,2,10,648-544-3672,bdunsire12@biglobe.ne.jp,1,middle,7,Biology
Cody,Brosini,402-852-6947,xfarmiloe13@creativecommons.org,Xena,Farmiloe,3,8,403-115-6895,xfarmiloe13@mediafire.com,2,junior,4,History
Lucas,Trammel,309-760-8150,dsixsmith14@senate.gov,Daryl,Sixsmith,1,2,749-862-2182,dsixsmith14@harvard.edu,1,junior,3,English
Perry,Guyers,356-485-1265,jphilcock15@flavors.me,Juan,Philcock,2,9,756-196-4019,jphilcock15@irs.gov,1,senior,4,PE
Jacob,Bonin,411-316-7290,ncockman16@dailymotion.com,Nahum,Cockman,3,1,772-851-9890,ncockman16@imdb.com,3,junior,9,Physics
Thornie,Darkins,393-349-0800,gwintringham17@nsw.gov.au,Godfree,Wintringham,1,5,766-868-9698,gwintringham17@flickr.com,1,middle,9,Chemistry
Olly,Bartol,474-652-9988,wblampey18@thetimes.co.uk,Whit,Blampey,1,4,611-281-1446,wblampey18@homestead.com,1,senior,6,French
Jacquelyn,Mathonnet,939-973-4467,rwinsper19@cyberchimps.com,Rachele,Winsper,3,1,190-728-1628,rwinsper19@senate.gov,3,junior,4,Physics
Renata,Easter,610-138-5858,cberrisford1a@state.tx.us,Cesare,Berrisford,2,7,516-996-7583,cberrisford1a@noaa.gov,3,middle,10,Chemistry
Astrix,Pledger,519-678-5378,rdripps1b@oakley.com,Rod,Dripps,3,9,991-678-5630,rdripps1b@eventbrite.com,2,middle,8,Art
Sandro,Gadesby,843-444-5052,bmerveille1c@marriott.com,Brigham,Merveille,3,8,712-765-2191,bmerveille1c@imdb.com,2,senior,3,French
Portia,Firbanks,210-563-3308,iwheatley1d@joomla.org,Isaac,Wheatley,2,1,823-524-5055,iwheatley1d@timesonline.co.uk,2,middle,10,English
Borg,Richings,911-627-2641,shedon1e@yandex.ru,Sydney,Hedon,2,8,141-556-2860,shedon1e@prweb.com,2,junior,8,Art
Niccolo,Dykas,124-656-0214,fwestall1f@sourceforge.net,Freeman,Westall,1,5,179-681-1694,fwestall1f@cnbc.com,1,middle,5,Biology
Ganny,Tizard,341-774-8610,dmeininking1g@wired.com,Dulcine,Meininking,2,8,822-613-9732,dmeininking1g@harvard.edu,2,junior,4,PE
Erskine,Panting,770-902-1251,mpeasegood1h@xrea.com,Moise,Peasegood,3,9,470-946-5856,mpeasegood1h@webeden.co.uk,2,junior,3,Maths
Roseanne,Rowler,531-975-3757,mdalglish1i@nsw.gov.au,Marinna,Dalglish,3,5,768-380-7794,mdalglish1i@wunderground.com,2,senior,8,Biology
Kerrin,Rouke,334-980-2177,bjekel1j@slate.com,Brady,Jekel,3,5,624-799-0058,bjekel1j@newsvine.com,2,middle,4,Physics
Torre,Javes,349-646-8220,cbattram1k@dailymail.co.uk,Cheryl,Battram,2,10,517-645-4010,cbattram1k@sina.com.cn,2,junior,2,Maths
Irena,Sybe,755-931-1602,emcgettrick1l@surveymonkey.com,Edik,McGettrick,3,7,239-811-9111,emcgettrick1l@tripadvisor.com,3,middle,9,Art
Adi,Chattell,836-945-0413,mkingham1m@walmart.com,Miguel,Kingham,2,5,459-316-7496,mkingham1m@creativecommons.org,2,middle,2,PE
Peta,Wills,806-308-1043,abunclark1n@hc360.com,Auguste,Bunclark,1,8,242-528-8446,abunclark1n@youtu.be,3,junior,2,Physics
Loy,Summerly,516-440-7754,blindman1o@china.com.cn,Brucie,Lindman,3,8,386-538-0076,blindman1o@cdc.gov,1,middle,5,Chemistry
Ilaire,Bamford,821-543-7448,mbaskeyfield1p@bizjournals.com,Marigold,Baskeyfield,2,7,456-366-9609,mbaskeyfield1p@slashdot.org,1,junior,1,History
Thorvald,Worg,705-311-6526,vrase1q@mapquest.com,Vannie,Rase,3,5,312-715-5285,vrase1q@prweb.com,1,middle,7,Biology
Alexine,Janecek,314-860-0444,egilliard1r@slate.com,Emeline,Gilliard,1,10,186-751-3572,egilliard1r@google.es,1,senior,2,Biology
Cammi,De Simoni,811-821-4527,ochatto1s@mlb.com,Oliviero,Chatto,1,8,718-237-9560,ochatto1s@delicious.com,1,middle,8,Chemistry
Darcie,Sieve,403-669-1156,tsnellman1t@ucoz.com,Thomasa,Snellman,2,10,171-515-2731,tsnellman1t@hp.com,2,middle,10,English
Gwyn,Sellack,844-389-8203,sglencros1u@bandcamp.com,Saul,Glencros,1,2,220-314-9972,sglencros1u@nih.gov,3,senior,7,Physics
Lorilee,Littrell,642-331-1077,blambe1v@soup.io,Bengt,Lambe,1,10,770-306-7848,blambe1v@wix.com,1,middle,6,Spanish
Anthea,Hallowell,436-674-5042,momoylan1w@gmpg.org,Milton,O'Moylan,1,3,765-348-1439,momoylan1w@soup.io,3,middle,8,Spanish
Ida,Anderl,967-807-5241,lswetmore1x@google.it,Lek,Swetmore,1,6,964-810-3911,lswetmore1x@examiner.com,1,junior,5,Spanish
Colline,Benedite,214-549-2641,ftregensoe1y@tiny.cc,Franchot,Tregensoe,3,5,221-485-9842,ftregensoe1y@sciencedaily.com,2,senior,6,Maths
Hugues,Broune,821-883-3849,braper1z@un.org,Bevan,Raper,1,2,832-466-7845,braper1z@angelfire.com,1,senior,3,History
Waylin,Crinion,418-225-1824,pgittus20@4shared.com,Peter,Gittus,3,8,320-982-7680,pgittus20@wufoo.com,1,senior,10,PE
Virgina,Weerdenburg,794-390-4286,bstledger21@huffingtonpost.com,Brant,St Ledger,1,10,324-207-5663,bstledger21@about.com,3,senior,9,English
Cassandre,Downing,486-574-3670,fhedworth22@printfriendly.com,Franky,Hedworth,3,6,529-262-1374,fhedworth22@ucoz.ru,3,senior,10,Art
Mora,Rubinchik,306-825-4065,wpockey23@dailymail.co.uk,Welby,Pockey,3,4,239-862-4833,wpockey23@wordpress.com,2,senior,6,Maths
Winifred,Lethbridge,421-270-4037,dleversha24@hhs.gov,Devin,Leversha,1,10,480-191-7631,dleversha24@unesco.org,3,senior,5,History
Dynah,Boyle,169-279-8456,cvalenti25@pbs.org,Cairistiona,Valenti,1,1,778-625-8785,cvalenti25@springer.com,1,senior,7,English
Gare,Ferrulli,375-525-1711,wleahair26@scribd.com,Windy,Leahair,1,2,705-131-6515,wleahair26@scientificamerican.com,1,middle,2,Spanish
Fawnia,Janaszewski,273-604-8297,anorwood27@nifty.com,Adelind,Norwood,1,3,945-804-3257,anorwood27@sohu.com,3,middle,4,English
Dorisa,Addicote,311-671-8991,mwoolhouse28@nba.com,Michail,Woolhouse,2,8,981-347-3431,mwoolhouse28@nationalgeographic.com,2,senior,3,Art
Rebeca,Tarbatt,464-683-9042,hjosephi29@imageshack.us,Harlin,Josephi,2,1,748-637-5183,hjosephi29@samsung.com,1,junior,7,Art
Erek,Balsdone,154-905-1680,dbourthoumieux2a@tinypic.com,Demott,Bourthoumieux,2,10,590-284-7228,dbourthoumieux2a@exblog.jp,3,middle,4,French
Pepillo,Tunaclift,513-560-7066,kgeistmann2b@cbsnews.com,Klaus,Geistmann,1,6,631-432-3913,kgeistmann2b@infoseek.co.jp,2,junior,3,Chemistry
Solomon,Bugge,816-676-3802,msilkstone2c@soup.io,Melicent,Silkstone,3,7,119-252-5132,msilkstone2c@flickr.com,1,junior,10,French
Ogdan,Elldred,930-210-5842,drothchild2d@facebook.com,Darla,Rothchild,1,3,677-277-4463,drothchild2d@ft.com,3,middle,5,French
Britt,Jailler,759-190-3627,rsydenham2e@histats.com,Rosie,Sydenham,2,4,388-682-3563,rsydenham2e@cocolog-nifty.com,2,senior,6,Art
Reinhard,Nickoles,615-391-9440,tmaccafferty2f@nymag.com,Thurstan,MacCafferty,1,9,853-841-9181,tmaccafferty2f@uiuc.edu,2,senior,7,English
Anthony,English,209-843-4707,arudram2g@creativecommons.org,Abe,Rudram,2,9,377-580-8831,arudram2g@dion.ne.jp,2,senior,2,Art
Brinna,Suddock,520-150-0293,tbretton2h@answers.com,Thor,Bretton,3,7,955-349-3457,tbretton2h@smh.com.au,1,middle,6,Maths
Dael,Ragbourn,848-887-9958,jbewsy2i@lulu.com,Jordan,Bewsy,3,3,461-879-4268,jbewsy2i@yolasite.com,2,junior,10,Chemistry
Niki,Nisot,996-536-0555,enormanell2j@wordpress.org,Elfrieda,Normanell,3,9,472-515-4592,enormanell2j@disqus.com,3,junior,7,Maths
Tiphany,Turmall,256-220-1928,arein2k@phoca.cz,Adolpho,Rein,1,1,523-222-2938,arein2k@blogtalkradio.com,1,senior,9,French
Bernarr,Samms,596-523-9327,eludwikiewicz2l@elpais.com,Emmanuel,Ludwikiewicz,1,9,681-789-4409,eludwikiewicz2l@mediafire.com,3,junior,9,Chemistry
Maisey,McIlory,457-224-8222,elintot2m@psu.edu,Eolande,Lintot,2,4,721-586-7872,elintot2m@economist.com,2,senior,10,Art
Leonhard,Munby,268-596-4358,smacinerney2n@yolasite.com,Shellie,MacInerney,3,1,158-949-6241,smacinerney2n@princeton.edu,2,junior,4,History
Elbert,Zuppa,950-318-7466,aduckworth2o@tmall.com,Annnora,Duckworth,1,7,174-687-3945,aduckworth2o@pen.io,1,senior,10,Spanish
Robinett,Aukland,491-244-1330,dspeake2p@aboutads.info,Danna,Speake,2,7,733-237-4571,dspeake2p@who.int,1,senior,5,French
Rolando,Hagland,805-644-7037,rredemile2q@google.co.jp,Rice,Redemile,3,9,847-623-0130,rredemile2q@ox.ac.uk,1,middle,1,History
Leann,Bohlsen,373-214-2489,jporter2r@shareasale.com,Josh,Porter,2,2,799-664-8619,jporter2r@gmpg.org,2,middle,8,Art
Ralina,Muller,676-365-7869,tast2s@imgur.com,Thalia,Ast,3,3,424-221-7159,tast2s@ed.gov,2,junior,10,History
Kessia,Jovanovic,564-454-9710,bsurgener2t@answers.com,Blondell,Surgener,2,5,130-105-7382,bsurgener2t@bbb.org,1,senior,8,Spanish
Ethel,Faithorn,668-900-4564,stinkham2u@state.tx.us,Shel,Tinkham,3,3,749-601-4107,stinkham2u@ifeng.com,2,middle,6,Chemistry
Vivianne,Gasquoine,193-994-9313,tshanahan2v@state.gov,Townsend,Shanahan,3,1,687-122-4309,tshanahan2v@noaa.gov,3,junior,2,Biology
Siward,McCoole,602-722-3143,dquayle2w@miitbeian.gov.cn,Doloritas,Quayle,1,5,430-277-6407,dquayle2w@linkedin.com,1,senior,6,Spanish
Dulcy,Samworth,851-930-1319,mleason2x@yahoo.com,Maddie,Leason,1,1,614-704-9070,mleason2x@theguardian.com,1,senior,4,Biology
Jodi,Pedroli,665-417-1773,astandbrooke2y@mac.com,Adria,Standbrooke,3,5,324-440-4710,astandbrooke2y@auda.org.au,2,junior,1,English
May,Gosden,118-743-6468,emickleburgh2z@washingtonpost.com,Englebert,Mickleburgh,3,10,151-318-6304,emickleburgh2z@state.tx.us,3,junior,9,Spanish
Phaidra,Fletcher,356-222-0575,dhansie30@mapy.cz,Dollie,Hansie,2,3,625-862-6327,dhansie30@washingtonpost.com,3,middle,4,Art
Gayle,Gerant,286-227-5119,nvaggs31@wikipedia.org,Nell,Vaggs,1,6,367-151-1360,nvaggs31@ifeng.com,3,junior,6,English
Elonore,Twinterman,106-576-8791,emacgorley32@bigcartel.com,Ethyl,MacGorley,3,9,369-221-7799,emacgorley32@ucoz.ru,3,senior,4,PE
Bryanty,Berendsen,691-920-3493,wmckew33@privacy.gov.au,Wendye,McKew,2,5,259-245-8881,wmckew33@uol.com.br,2,senior,8,Art
Lowell,Galbraith,616-640-2172,klong34@xing.com,Karel,Long,1,2,439-186-9601,klong34@yahoo.co.jp,2,senior,4,English
Bell,Meriet,588-346-8454,ablondelle35@deliciousdays.com,Alberta,Blondelle,2,9,592-750-1886,ablondelle35@imdb.com,3,middle,3,Physics
Drusilla,Turneux,160-516-4284,hdixson36@sohu.com,Humphrey,Dixson,1,9,179-244-7960,hdixson36@webs.com,2,middle,6,Spanish
Mariana,Basillon,368-989-5940,bcrisall37@patch.com,Booth,Crisall,2,6,226-439-1208,bcrisall37@etsy.com,1,junior,9,Biology
Hill,Pantecost,452-444-0215,mbonwick38@gnu.org,Meriel,Bonwick,2,6,903-489-3297,mbonwick38@boston.com,1,junior,7,Maths
Courtenay,Argyle,738-820-6799,pshatford39@zdnet.com,Pauletta,Shatford,3,2,831-704-9226,pshatford39@jugem.jp,1,senior,3,Maths
Winonah,Hambrick,801-927-8401,thails3a@upenn.edu,Trina,Hails,3,10,935-113-9620,thails3a@devhub.com,2,senior,4,English
Cherish,Hovie,293-622-5300,dvedmore3b@posterous.com,Daron,Vedmore,3,3,852-442-1963,dvedmore3b@merriam-webster.com,2,junior,1,Spanish
Gallagher,Harmeston,213-161-7686,daris3c@theglobeandmail.com,Davidde,Aris,1,7,794-251-8336,daris3c@shop-pro.jp,3,middle,6,PE
Anthe,Mowling,840-473-9411,chowtopreserve3d@theatlantic.com,Claudio,How to preserve,1,10,506-817-1095,chowtopreserve3d@cnbc.com,3,senior,10,Maths
Cyrus,Macklam,728-182-6597,bhardcastle3e@etsy.com,Bibby,Hardcastle,3,8,258-424-2582,bhardcastle3e@china.com.cn,3,middle,1,Art
Hermie,Davidescu,746-888-2995,echesnut3f@tamu.edu,Earlie,Chesnut,2,3,652-978-2200,echesnut3f@bbb.org,1,senior,9,Physics
Pierrette,Thomen,839-382-0683,rmatthis3g@ox.ac.uk,Rea,Matthis,1,10,743-299-3142,rmatthis3g@delicious.com,1,junior,9,Art
Felisha,Cosgrove,520-412-0578,mfay3h@skyrock.com,Magdalene,Fay,1,4,974-696-6618,mfay3h@nps.gov,3,middle,7,Spanish
Marwin,Stollmeyer,923-347-0334,ssaiger3i@infoseek.co.jp,Suzie,Saiger,3,2,722-436-2588,ssaiger3i@telegraph.co.uk,2,senior,6,Spanish
Corette,Spancock,700-382-0911,sdunbleton3j@washington.edu,Shirlee,Dunbleton,1,2,731-830-8207,sdunbleton3j@myspace.com,3,middle,5,Maths
Anabelle,Stanlick,915-405-6560,afuke3k@etsy.com,Andres,Fuke,3,7,579-684-7362,afuke3k@wordpress.com,2,middle,1,Maths
Barny,Flower,384-752-0634,nesposi3l@comcast.net,Norine,Esposi,1,3,752-529-3106,nesposi3l@ow.ly,2,middle,4,Maths
Pearce,Rossetti,470-911-9387,hsadry3m@goodreads.com,Holmes,Sadry,1,8,329-585-0591,hsadry3m@prweb.com,2,senior,2,History
Weider,Tesmond,455-300-9654,gwilman3n@techcrunch.com,Gabbey,Wilman,3,6,494-709-6907,gwilman3n@globo.com,1,junior,8,English
Monty,Gannan,917-335-4692,opaolinelli3o@plala.or.jp,Odell,Paolinelli,3,6,695-861-6506,opaolinelli3o@cloudflare.com,1,senior,9,Biology
Waylin,Nicholas,504-154-3833,jlapley3p@technorati.com,Jerry,Lapley,2,7,219-273-3947,jlapley3p@goodreads.com,2,senior,5,History
Sascha,Thompson,617-500-6766,jconnikie3q@cmu.edu,Jennie,Connikie,3,5,807-852-5882,jconnikie3q@amazon.co.jp,1,junior,8,History
Janeta,Toone,546-980-2170,tleere3r@yandex.ru,Talbot,Leere,3,9,816-513-4780,tleere3r@baidu.com,1,senior,2,English
Merrel,Trengrouse,655-205-4371,dcoalbran3s@slideshare.net,Daniel,Coalbran,2,1,362-415-7905,dcoalbran3s@wikipedia.org,2,junior,1,French
Bessy,Kordovani,278-600-2138,kwesker3t@reference.com,Knox,Wesker,3,3,467-263-4195,kwesker3t@wordpress.com,1,junior,2,Physics
Berrie,Hellens,661-250-9530,sshakesby3u@skyrock.com,Sheppard,Shakesby,3,10,727-441-2771,sshakesby3u@webeden.co.uk,3,junior,6,French
Roseann,Polley,253-126-3110,eayris3v@toplist.cz,Ewart,Ayris,2,10,246-376-8552,eayris3v@discovery.com,2,junior,2,English
Nicol,Radnage,587-430-9569,ramphlett3w@yahoo.com,Reagan,Amphlett,2,10,987-590-6669,ramphlett3w@amazon.de,3,junior,6,Art
Kassia,Dubs,533-522-8445,llinck3x@is.gd,Loleta,Linck,2,9,632-182-7222,llinck3x@myspace.com,1,senior,1,Physics
Kym,Cerro,866-308-1262,remlen3y@smh.com.au,Rasla,Emlen,3,7,145-309-5242,remlen3y@ibm.com,3,junior,3,Chemistry
Justine,Kinglake,699-236-4247,rmccrohon3z@columbia.edu,Ringo,McCrohon,3,6,364-971-6211,rmccrohon3z@google.co.jp,1,junior,10,English
Tammy,MacParland,805-876-2801,rtiery40@ask.com,Rubin,Tiery,2,5,947-531-0368,rtiery40@last.fm,2,junior,4,French
Kelsy,Duncklee,232-112-7195,ftwiddy41@reverbnation.com,Fiorenze,Twiddy,1,9,620-288-4851,ftwiddy41@jalbum.net,1,senior,8,English
Darline,Borborough,507-487-1334,cscamaden42@posterous.com,Charles,Scamaden,2,1,596-584-1793,cscamaden42@hexun.com,1,senior,10,History
Binni,Akram,712-353-5912,tbrough43@webs.com,Terra,Brough,3,8,688-236-4590,tbrough43@godaddy.com,3,middle,10,PE
Dael,Upfold,890-448-0374,sgabbitas44@aol.com,Sawyer,Gabbitas,3,1,862-162-2143,sgabbitas44@dmoz.org,3,senior,6,PE
Whit,Lavielle,903-715-5984,emullen45@irs.gov,Evie,Mullen,3,6,521-655-6129,emullen45@vk.com,1,junior,9,Spanish
Deanna,Claughton,386-219-5009,dbeningfield46@stumbleupon.com,Dosi,Beningfield,1,3,830-827-5587,dbeningfield46@slideshare.net,2,junior,8,Spanish
Devlen,Cron,775-931-9100,wdumblton47@samsung.com,Wallie,Dumblton,2,5,676-400-3565,wdumblton47@360.cn,1,middle,2,French
Tabina,Ezzell,162-801-4934,cseaward48@blog.com,Clim,Seaward,3,7,848-910-8260,cseaward48@cdbaby.com,3,junior,6,Art
Claudetta,Uttridge,462-100-1613,mcurrin49@google.co.jp,Milena,Currin,3,9,270-424-5376,mcurrin49@github.io,2,junior,8,Maths
Brandice,Toulmin,733-668-9317,sblooman4a@smh.com.au,Sherwin,Blooman,1,1,490-837-1254,sblooman4a@adobe.com,1,junior,8,English
Fallon,Carnier,763-943-2856,ycarratt4b@ihg.com,Yvor,Carratt,1,4,269-440-1434,ycarratt4b@edublogs.org,1,middle,2,French
Flora,Ricciardo,465-372-8531,rchadwen4c@multiply.com,Raye,Chadwen,1,10,407-371-3288,rchadwen4c@ft.com,1,junior,4,English
Vanya,Antony,516-707-5822,rcrus4d@google.it,Ron,Crus,1,1,853-214-3297,rcrus4d@spiegel.de,3,senior,4,Chemistry
Jae,Geydon,345-740-7240,kbrabon4e@tinyurl.com,Kissee,Brabon,3,10,200-957-0528,kbrabon4e@kickstarter.com,1,senior,3,Spanish
Johanna,Shrieves,253-777-4217,aclipsham4f@tinypic.com,Adena,Clipsham,3,5,871-701-9577,aclipsham4f@homestead.com,3,junior,10,History
Blair,Dunster,762-947-3285,mhaggerty4g@clickbank.net,Mariquilla,Haggerty,2,10,231-296-0326,mhaggerty4g@webeden.co.uk,1,senior,7,Maths
Binnie,Ranklin,258-591-1944,ltripp4h@issuu.com,Lianna,Tripp,1,7,907-269-3182,ltripp4h@mashable.com,1,senior,10,Biology
Joye,Ketchaside,790-110-0320,fhowick4i@prnewswire.com,Florette,Howick,3,4,595-434-1550,fhowick4i@wordpress.org,2,junior,3,Chemistry
Jeana,Ribou,440-255-5838,thalifax4j@webs.com,Tish,Halifax,2,10,803-555-2103,thalifax4j@joomla.org,3,middle,3,PE
Paule,Neaves,251-828-9112,ngemelli4k@topsy.com,Nerta,Gemelli,2,6,913-505-2917,ngemelli4k@tamu.edu,3,junior,3,PE
Deanna,Martinovsky,637-704-4543,cmckevitt4l@eventbrite.com,Costa,McKevitt,1,10,752-755-2192,cmckevitt4l@unesco.org,3,junior,7,Art
Camila,Dubock,129-652-5701,sverheijden4m@squidoo.com,Storm,Verheijden,2,9,670-680-3591,sverheijden4m@huffingtonpost.com,1,junior,10,Physics
Anatollo,Wile,973-194-8170,ahailwood4n@phpbb.com,Alexi,Hailwood,2,6,468-551-5330,ahailwood4n@examiner.com,2,senior,2,Physics
Kevyn,Reffe,128-477-5713,emityakov4o@miibeian.gov.cn,Eilis,Mityakov,2,2,113-153-8237,emityakov4o@ucla.edu,2,senior,6,PE
Cletus,Rosentholer,241-184-3838,mmapes4p@elpais.com,Marcie,Mapes,1,3,253-262-2611,mmapes4p@hugedomains.com,1,junior,10,French
Honor,Kembley,125-907-4368,adubarry4q@craigslist.org,Andreas,Du Barry,1,4,888-925-6807,adubarry4q@noaa.gov,3,senior,7,French
Myron,Marsden,433-998-0562,jcrucetti4r@weebly.com,Jamill,Crucetti,2,1,742-867-2525,jcrucetti4r@miitbeian.gov.cn,1,junior,3,History
Ingemar,Malser,473-514-6822,jfazakerley4s@addtoany.com,Jillane,Fazakerley,3,7,440-693-0820,jfazakerley4s@ftc.gov,1,junior,1,French
Umberto,Krop,624-794-4028,gdreger4t@addtoany.com,Gunter,Dreger,1,1,316-542-6280,gdreger4t@xing.com,3,junior,5,History
Gillan,L'Homme,241-368-4777,aitzkovwich4u@plala.or.jp,Aloise,Itzkovwich,3,4,867-677-6090,aitzkovwich4u@wufoo.com,2,junior,9,Biology
Hercules,Tosney,907-509-6359,ecoulthurst4v@ed.gov,Eugenio,Coulthurst,1,3,823-809-6938,ecoulthurst4v@creativecommons.org,3,junior,10,Physics
Kandace,Cuttin,715-962-7991,tbrower4w@ox.ac.uk,Tandie,Brower,1,4,277-665-9039,tbrower4w@census.gov,1,senior,8,Biology
Fancy,Calven,247-634-0578,atack4x@yahoo.com,Aleda,Tack,3,8,305-523-4899,atack4x@exblog.jp,2,junior,7,French
Kelbee,Greve,376-855-8781,slulham4y@amazon.com,Sada,Lulham,2,7,556-468-1345,slulham4y@examiner.com,2,senior,9,Spanish
Marilyn,Fulmen,898-634-6489,rjeckells4z@so-net.ne.jp,Rooney,Jeckells,3,1,103-502-5703,rjeckells4z@mashable.com,2,middle,8,English
Kati,Pugh,126-730-2994,gjiroudek50@pcworld.com,Garrot,Jiroudek,1,5,902-830-3246,gjiroudek50@moonfruit.com,3,middle,6,French
Aloin,Noad,167-116-4531,dgenner51@utexas.edu,Dylan,Genner,1,4,530-574-3733,dgenner51@examiner.com,1,middle,5,English
Oralia,Murby,214-178-3167,eshillingford52@cbc.ca,Elenore,Shillingford,3,2,983-731-8853,eshillingford52@techcrunch.com,3,senior,3,English
Row,Terne,224-349-8630,caizic53@t-online.de,Consolata,Aizic,2,6,432-181-1210,caizic53@nydailynews.com,1,middle,1,Maths
Elladine,Vasyuchov,966-965-7641,dbohea54@usnews.com,Dulcy,Bohea,3,10,489-733-1594,dbohea54@imdb.com,1,junior,6,English
Jana,Stickells,227-212-1344,ntwells55@examiner.com,Nichole,Twells,1,10,231-364-5984,ntwells55@disqus.com,2,senior,10,Physics
Bennett,Lansly,536-968-9478,nkerfoot56@miibeian.gov.cn,Noni,Kerfoot,2,5,532-920-2366,nkerfoot56@netlog.com,2,senior,6,English
Orsa,Goodlett,543-342-4833,jkofax57@mac.com,Jodi,Kofax,3,6,539-758-3956,jkofax57@artisteer.com,3,middle,9,Biology
Flo,Caustick,608-396-2463,arashleigh58@google.com.hk,Avivah,Rashleigh,3,4,115-322-0251,arashleigh58@plala.or.jp,3,junior,6,Chemistry
Morie,Fraschetti,216-693-0956,fhelversen59@uol.com.br,Fernande,Helversen,3,6,448-317-5248,fhelversen59@auda.org.au,3,senior,7,Physics
Blithe,Radoux,615-291-3635,kbown5a@geocities.com,Keith,Bown,2,2,366-422-5990,kbown5a@google.nl,2,middle,2,English
Anne-marie,Kirkhouse,305-170-2392,bbedward5b@sakura.ne.jp,Brynn,Bedward,1,2,491-557-7846,bbedward5b@usa.gov,1,middle,4,English
Martie,Karpfen,276-402-9709,mcostar5c@hostgator.com,Mandy,Costar,2,2,961-208-3094,mcostar5c@mashable.com,2,middle,8,Biology
Cesaro,McConville,740-400-3558,croseblade5d@google.es,Clementius,Roseblade,1,6,572-425-7476,croseblade5d@ycombinator.com,2,middle,9,Maths
Trude,Goodlad,384-889-8875,dchatteris5e@ox.ac.uk,Dacie,Chatteris,3,1,278-343-8334,dchatteris5e@twitpic.com,1,middle,1,English
Gaynor,Hairon,335-367-4026,rlorkins5f@opensource.org,Rica,Lorkins,1,2,527-331-2031,rlorkins5f@is.gd,3,middle,7,Physics
Serge,Davern,517-156-2916,edurman5g@macromedia.com,Ermanno,Durman,2,6,236-413-2813,edurman5g@shareasale.com,1,junior,2,English
Hammad,Balls,747-617-0602,cdwelly5h@miitbeian.gov.cn,Cesaro,Dwelly,1,9,909-208-8317,cdwelly5h@deliciousdays.com,3,junior,3,Biology
Reg,Fagg,299-125-1249,ydockrey5i@delicious.com,Yank,Dockrey,1,8,676-411-3779,ydockrey5i@sfgate.com,2,senior,2,English
Ethel,Zanazzi,519-774-9760,dbelhomme5j@telegraph.co.uk,Demeter,Belhomme,3,10,449-771-8890,dbelhomme5j@eventbrite.com,3,junior,9,Spanish
Farly,Haddock,307-154-6533,mhurlestone5k@yahoo.co.jp,Melly,Hurlestone,3,8,583-936-8859,mhurlestone5k@t-online.de,1,junior,3,Biology
Donn,Samuel,465-128-3107,gbotterman5l@hibu.com,Gabrielle,Botterman,1,9,338-491-8223,gbotterman5l@go.com,2,middle,2,Spanish
Hephzibah,Roderham,867-654-0398,alarraway5m@reverbnation.com,Alf,Larraway,2,2,612-236-2877,alarraway5m@rambler.ru,3,senior,6,French
Bennie,Blomfield,739-695-9017,vredrup5n@pagesperso-orange.fr,Vin,Redrup,1,5,718-993-3354,vredrup5n@indiatimes.com,1,junior,10,History
Joseph,Jeannaud,813-832-2876,hromagosa5o@sourceforge.net,Helenelizabeth,Romagosa,3,4,771-851-2425,hromagosa5o@google.nl,1,senior,1,English
Elihu,Joul,129-954-5612,djoutapaitis5p@csmonitor.com,Dorice,Joutapaitis,2,4,792-451-9148,djoutapaitis5p@japanpost.jp,1,junior,6,English
Fifine,Foyle,165-794-1748,gglozman5q@elegantthemes.com,Giulio,Glozman,3,5,706-969-0526,gglozman5q@qq.com,2,senior,2,English
Conroy,Stanfield,285-332-7130,osiman5r@narod.ru,Olympe,Siman,3,5,121-170-7792,osiman5r@photobucket.com,3,middle,9,Spanish
Onfre,Sexon,582-458-8771,schavez5s@ezinearticles.com,Sebastien,Chavez,3,1,781-742-2989,schavez5s@irs.gov,1,junior,4,French
Bar,Scarsbrick,715-553-7803,syanukhin5t@amazon.com,Sydney,Yanukhin,3,2,971-977-6923,syanukhin5t@com.com,2,middle,9,PE
Kristopher,Robinett,690-101-4593,kbendelow5u@list-manage.com,Krystalle,Bendelow,1,4,239-280-4451,kbendelow5u@tripod.com,3,middle,2,Maths
Dennie,Mullin,719-298-4351,mbourgaize5v@merriam-webster.com,Mariejeanne,Bourgaize,2,6,293-861-2691,mbourgaize5v@sun.com,3,middle,7,Art
Bobby,Landal,942-296-3026,mliptrod5w@slate.com,Marchall,Liptrod,3,8,871-221-3013,mliptrod5w@latimes.com,3,middle,8,Maths
Berti,McKelvie,312-323-2927,dpauleit5x@sohu.com,Daniele,Pauleit,2,1,698-818-0562,dpauleit5x@arizona.edu,2,junior,8,Maths
Cherey,Abbet,480-277-2170,scroce5y@ezinearticles.com,Stacy,Croce,2,4,276-544-8686,scroce5y@digg.com,1,junior,9,Art
Dore,Careless,222-549-6254,gpestell5z@godaddy.com,Garv,Pestell,3,7,908-356-1144,gpestell5z@pbs.org,2,junior,6,History
Romona,Kennifick,795-953-2592,sdredge60@google.co.uk,Stephie,Dredge,1,5,442-377-5619,sdredge60@walmart.com,2,middle,7,Art
Elva,Kubin,612-587-7896,lparrett61@google.com.br,Leigh,Parrett,2,6,598-291-5321,lparrett61@purevolume.com,1,senior,3,Biology
Carlita,Sexton,168-453-8039,gmcdermid62@dagondesign.com,Glad,Mc Dermid,2,10,325-152-8821,gmcdermid62@wiley.com,2,middle,5,Chemistry
Ninon,Delwater,566-475-3130,tweare63@blogtalkradio.com,Tommy,Weare,2,10,461-754-2309,tweare63@intel.com,1,junior,1,Biology
Antonin,Newlands,604-347-5867,hlory64@topsy.com,Hercule,Lory,1,7,270-125-7180,hlory64@bravesites.com,2,senior,1,PE
Val,Opdenort,540-742-1442,eslocomb65@comsenz.com,Edithe,Slocomb,1,4,885-580-8359,eslocomb65@unicef.org,1,senior,1,French
Mycah,Pealing,210-366-3480,posculley66@slideshare.net,Pippo,O'Sculley,3,4,613-471-7614,posculley66@amazonaws.com,3,senior,7,PE
Adria,Dickerline,315-895-2014,cfrostdyke67@umich.edu,Cart,Frostdyke,2,1,909-839-2896,cfrostdyke67@nih.gov,2,junior,7,Physics
Raquel,Janecek,750-882-8302,dlesslie68@mayoclinic.com,Dominique,Lesslie,1,6,252-784-3818,dlesslie68@indiegogo.com,2,middle,4,Art
Aristotle,Tremouille,265-105-6587,natty69@reuters.com,North,Atty,2,3,148-727-9865,natty69@ebay.com,1,junior,3,History
Richard,Scarbarrow,174-992-7492,rbullock6a@columbia.edu,Robyn,Bullock,1,9,897-852-6228,rbullock6a@seesaa.net,2,senior,5,History
Mary,Blain,339-325-8787,mharford6b@nps.gov,Muffin,Harford,3,5,193-280-8688,mharford6b@wordpress.org,3,senior,9,Biology
Cornie,Pickup,675-235-4472,rlightoller6c@liveinternet.ru,Randolf,Lightoller,1,5,670-356-1886,rlightoller6c@samsung.com,2,middle,6,Chemistry
Rudie,Springett,892-406-5504,wox6d@yale.edu,Waldemar,Ox,1,1,636-481-5656,wox6d@omniture.com,1,senior,7,Chemistry
Ricca,Sarginson,349-767-8385,sstuttman6e@typepad.com,Susy,Stuttman,1,2,699-383-4011,sstuttman6e@bloglines.com,3,junior,2,History
Brittni,Brum,432-166-1075,bropcke6f@berkeley.edu,Bryana,Ropcke,1,8,247-759-6195,bropcke6f@springer.com,3,junior,1,Physics
Giselbert,Kitchener,251-313-9434,ekem6g@discovery.com,Eamon,Kem,3,10,288-114-3341,ekem6g@harvard.edu,3,junior,8,Art
Duffie,Challice,968-859-5936,gdalliwater6h@shinystat.com,Gwendolyn,Dalliwater,2,2,728-454-8146,gdalliwater6h@icio.us,2,junior,5,Physics
Ede,Switland,262-621-4552,eblagbrough6i@jimdo.com,Edithe,Blagbrough,3,10,949-665-7322,eblagbrough6i@alexa.com,2,senior,2,French
Kip,Shadbolt,154-779-1855,fpover6j@sbwire.com,Fanchette,Pover,2,2,502-754-7191,fpover6j@gov.uk,3,junior,5,Biology
Dasha,Aronstein,886-253-5090,nhovington6k@psu.edu,Nevil,Hovington,2,6,664-315-4660,nhovington6k@ovh.net,2,junior,7,PE
Payton,Ungerer,762-126-1568,cryall6l@myspace.com,Claudie,Ryall,1,9,303-719-3110,cryall6l@photobucket.com,3,senior,6,Art
Binny,Bambery,359-496-5261,bsunter6m@mapy.cz,Basil,Sunter,2,3,427-225-2698,bsunter6m@woothemes.com,3,senior,10,Spanish
Ellerey,Conisbee,350-238-9408,ncawston6n@miibeian.gov.cn,Noell,Cawston,2,9,110-307-4501,ncawston6n@angelfire.com,1,junior,4,Spanish
Jen,Anthona,245-553-1643,mbrewins6o@loc.gov,Madison,Brewins,2,2,349-982-2601,mbrewins6o@cloudflare.com,3,junior,3,Chemistry
Miguela,Loines,106-681-5153,jadran6p@blogs.com,Jeromy,Adran,2,6,170-526-9479,jadran6p@wikispaces.com,1,senior,4,French
Beaufort,Seifenmacher,599-619-6236,astronach6q@quantcast.com,Amandi,Stronach,2,6,906-431-1680,astronach6q@yellowpages.com,3,junior,2,Biology
Zsa zsa,Van der Linde,324-924-3782,alarkby6r@go.com,Ashly,Larkby,3,4,991-113-0492,alarkby6r@fema.gov,3,junior,8,Maths
Conant,Schimpke,360-828-4477,pcashford6s@latimes.com,Page,Cashford,2,4,679-905-3109,pcashford6s@upenn.edu,1,junior,3,Spanish
Justinian,Labden,341-542-6546,rgrievson6t@hp.com,Robinetta,Grievson,2,6,169-846-7167,rgrievson6t@weather.com,3,senior,5,Maths
Lindy,Jacmard,802-876-6425,rhugonneau6u@tumblr.com,Rocky,Hugonneau,2,7,395-401-0545,rhugonneau6u@macromedia.com,1,senior,7,English
Caroljean,Whilder,669-699-0283,escholes6v@hubpages.com,Editha,Scholes,3,1,509-979-1913,escholes6v@princeton.edu,2,junior,10,Biology
Frasco,Schusterl,947-306-7622,aklossek6w@rakuten.co.jp,Ara,Klossek,3,6,981-796-5638,aklossek6w@ocn.ne.jp,2,senior,9,Chemistry
Irena,Buddington,143-493-5849,jenriques6x@exblog.jp,Jemima,Enriques,3,6,181-302-8087,jenriques6x@i2i.jp,3,middle,8,Physics
Engracia,Fairbrace,791-546-0268,dslayton6y@dropbox.com,Durante,Slayton,1,1,363-761-1095,dslayton6y@dmoz.org,3,middle,6,French
Hyacinthie,St. Aubyn,158-917-6504,jtuny6z@histats.com,Jerry,Tuny,3,6,339-754-4631,jtuny6z@goo.gl,1,senior,3,Physics
Joshua,Vatini,910-154-6336,cderuggero70@discovery.com,Carmon,De Ruggero,3,4,472-205-0594,cderuggero70@wsj.com,3,junior,10,PE
Clio,Seeborne,932-232-3499,pragate71@goodreads.com,Padraic,Ragate,2,7,225-977-5861,pragate71@tumblr.com,2,middle,5,English
Isadora,Starte,809-728-8479,vsteane72@independent.co.uk,Vanya,Steane,3,4,251-520-1237,vsteane72@arizona.edu,1,middle,6,English
Sena,Maude,815-893-5043,cinnerstone73@theguardian.com,Cristina,Innerstone,1,8,885-521-3632,cinnerstone73@nba.com,2,middle,10,French
Fredia,Erskine Sandys,745-136-1540,cshyre74@prweb.com,Caria,Shyre,2,2,564-116-6660,cshyre74@theguardian.com,1,senior,5,Chemistry
Kerry,Philippet,366-436-4645,cromero75@oakley.com,Clay,Romero,3,8,235-524-6787,cromero75@last.fm,3,senior,10,History
Rosetta,Robken,814-465-2950,rfarrell76@washingtonpost.com,Ros,Farrell,2,6,773-369-2686,rfarrell76@theguardian.com,1,junior,5,History
Aldridge,Glennie,669-807-2372,tissett77@shop-pro.jp,Tybie,Issett,3,8,214-447-5283,tissett77@google.com.au,1,junior,6,Maths
Delphine,Steptoe,573-827-2593,mpaulsen78@trellian.com,Modestine,Paulsen,1,6,747-250-5732,mpaulsen78@cargocollective.com,1,middle,8,Maths
Margalit,Matveiko,977-302-4788,dspeers79@cbslocal.com,Dev,Speers,1,3,711-219-1012,dspeers79@cdbaby.com,2,senior,1,French
Mic,Adamsen,732-191-1802,mtregea7a@nationalgeographic.com,Matti,Tregea,2,4,537-196-8631,mtregea7a@imageshack.us,1,senior,2,PE
Pennie,Yanshin,865-551-7637,mfernez7b@ovh.net,Mendel,Fernez,3,8,964-807-3247,mfernez7b@ovh.net,3,senior,4,English
Cheslie,Clausewitz,402-618-9129,gwigzell7c@spiegel.de,Gunner,Wigzell,1,3,223-329-6889,gwigzell7c@howstuffworks.com,1,middle,10,Physics
Bear,Maughan,575-812-2217,fconcannon7d@europa.eu,Felicio,Concannon,3,3,816-609-0002,fconcannon7d@netscape.com,1,senior,2,English
Etan,Kehir,969-265-1037,adunbleton7e@hc360.com,Abe,Dunbleton,3,3,360-434-8915,adunbleton7e@vimeo.com,1,middle,1,Biology
Audrye,McLise,976-856-2638,lfroude7f@etsy.com,Lory,Froude,1,1,197-137-6569,lfroude7f@hud.gov,2,senior,1,PE
Chuck,Draaisma,729-364-3575,gaspy7g@berkeley.edu,Georgy,Aspy,1,2,529-743-4553,gaspy7g@storify.com,2,middle,8,History
Kissie,Farman,356-298-9168,gvlach7h@alibaba.com,Greer,Vlach,2,1,637-309-7322,gvlach7h@tripod.com,2,senior,8,History
Budd,Merrell,816-271-0201,ecapper7i@nymag.com,Esra,Capper,3,4,923-843-5744,ecapper7i@dion.ne.jp,3,middle,10,English
Neal,Pykett,860-759-8740,fmarin7j@cnbc.com,Faye,Marin,2,6,220-130-9480,fmarin7j@csmonitor.com,1,junior,8,Chemistry
Nappy,Pates,701-721-1842,awinspar7k@nps.gov,Abagail,Winspar,2,7,473-804-9484,awinspar7k@google.fr,1,senior,9,Chemistry
Flynn,Badham,709-351-5881,smacieiczyk7l@prweb.com,Sidnee,Macieiczyk,1,6,450-400-2009,smacieiczyk7l@umich.edu,3,junior,1,French
Torre,McSperron,953-426-7510,vkorneev7m@yellowbook.com,Vidovik,Korneev,2,9,746-634-9315,vkorneev7m@php.net,3,senior,10,Chemistry
Robers,Storrie,737-274-7448,cfoulsham7n@multiply.com,Cosimo,Foulsham,2,2,608-203-2046,cfoulsham7n@pen.io,1,middle,5,Physics
Devondra,Stedell,810-984-0946,tmellsop7o@drupal.org,Tiffy,Mellsop,2,10,360-388-2934,tmellsop7o@ibm.com,1,senior,8,English
Rufus,Gonthier,717-937-4405,pofarris7p@ed.gov,Powell,O'Farris,1,1,468-457-9320,pofarris7p@xinhuanet.com,3,junior,10,PE
Kingsley,Jurek,958-111-7789,mshasnan7q@symantec.com,Mercy,Shasnan,3,10,367-860-7499,mshasnan7q@sfgate.com,1,senior,6,Biology
Antoni,Handaside,297-274-9373,emelsom7r@sohu.com,Ebeneser,Melsom,1,1,882-974-9006,emelsom7r@netscape.com,2,junior,9,Biology
Cookie,Georgins,779-254-3432,mklaus7s@cnn.com,Melvin,Klaus,3,9,141-627-9316,mklaus7s@sohu.com,2,senior,10,Maths
Salvatore,Kropach,949-604-1185,btimmens7t@alexa.com,Broderick,Timmens,2,8,295-133-7402,btimmens7t@netlog.com,1,middle,1,PE
Teddy,Hacun,955-255-5169,oeric7u@ftc.gov,Odele,Eric,3,3,889-238-6216,oeric7u@seattletimes.com,3,senior,3,Maths
Willy,Theakston,112-563-7988,eyele7v@samsung.com,Emmaline,Yele,3,1,881-848-2606,eyele7v@sciencedirect.com,1,middle,8,PE
Derby,Burdis,830-746-4831,mskirving7w@w3.org,Maryanne,Skirving,2,7,472-539-4788,mskirving7w@feedburner.com,3,senior,10,History
Oralle,Liddington,362-130-4401,kbroggio7x@fastcompany.com,Kathryn,Broggio,1,9,736-724-1093,kbroggio7x@irs.gov,1,middle,9,English
Malvin,Clapison,277-576-7197,gkraut7y@google.ca,Gustav,Kraut,3,6,816-159-4924,gkraut7y@de.vu,2,junior,9,PE
Nefen,Simeoni,693-859-3418,twinnard7z@hhs.gov,Tammara,Winnard,3,4,154-905-4102,twinnard7z@accuweather.com,2,senior,10,Physics
Abey,Klejin,431-820-9131,mwyllis80@nba.com,Marlee,Wyllis,2,9,205-259-4222,mwyllis80@census.gov,3,middle,5,PE
Terence,Petrosian,768-874-3949,sbennison81@si.edu,Sibbie,Bennison,3,7,839-941-7273,sbennison81@geocities.com,2,middle,7,Spanish
Wakefield,Impett,930-528-8028,jdalgarnowch82@accuweather.com,Jordanna,Dalgarnowch,2,6,800-527-8729,jdalgarnowch82@hud.gov,2,senior,7,Physics
Malcolm,Ride,438-949-7730,dgavahan83@jimdo.com,Dan,Gavahan,2,5,105-594-8569,dgavahan83@amazon.co.uk,1,senior,1,French
Georgiana,O'Scannill,854-688-6279,agauford84@twitter.com,Anny,Gauford,1,3,656-839-0211,agauford84@examiner.com,2,senior,1,Spanish
Margeaux,Scala,750-886-0671,lkeogh85@instagram.com,Lammond,Keogh,2,2,870-120-1874,lkeogh85@newyorker.com,1,junior,9,History
Dilan,Dedenham,797-443-3639,jboyan86@cargocollective.com,Jasmin,Boyan,1,9,531-799-3782,jboyan86@fc2.com,2,senior,10,Spanish
York,Hawkin,899-134-1983,nlean87@jigsy.com,Neely,Lean,1,3,677-428-4741,nlean87@symantec.com,3,junior,4,Art
Gail,Ready,409-214-2797,zfieller88@myspace.com,Zollie,Fieller,2,3,870-378-3376,zfieller88@tinyurl.com,2,senior,7,Maths
Letizia,Maccrea,416-730-0220,tferris89@mapquest.com,Tersina,Ferris,2,10,519-855-6421,tferris89@furl.net,3,senior,5,PE
Temp,Izkovitch,539-352-9021,ceasun8a@narod.ru,Corny,Easun,1,5,143-381-1377,ceasun8a@guardian.co.uk,3,junior,5,History
Bernice,Suthren,844-859-2855,tdrexel8b@yahoo.co.jp,Teador,Drexel,1,9,864-511-5213,tdrexel8b@ucoz.ru,3,senior,1,History
Cull,Huffer,664-424-9337,gricker8c@wikipedia.org,Gabbey,Ricker,1,3,363-532-3432,gricker8c@cargocollective.com,1,middle,10,French
Valina,Willcott,315-583-4199,ldarell8d@stumbleupon.com,Lawry,Darell,1,4,634-762-0029,ldarell8d@technorati.com,1,junior,9,English
Nissa,Launchbury,837-568-6902,econboy8e@cpanel.net,Elvina,Conboy,1,4,650-752-7804,econboy8e@livejournal.com,3,senior,1,Maths
Elysee,Leavold,692-767-6112,tbranchett8f@t.co,Tedie,Branchett,3,3,546-301-6205,tbranchett8f@icio.us,3,junior,3,Physics
Callida,Corroyer,708-117-7878,qbedburrow8g@digg.com,Queenie,Bedburrow,3,1,434-821-6820,qbedburrow8g@squidoo.com,2,middle,7,English
Lettie,Gonsalvez,404-762-9086,nwey8h@stumbleupon.com,Nerte,Wey,2,3,138-796-1741,nwey8h@homestead.com,1,middle,7,PE
Kaylil,Clemanceau,221-452-8912,ledlestone8i@privacy.gov.au,Lars,Edlestone,1,4,280-742-8734,ledlestone8i@weebly.com,3,middle,2,Physics
Birk,Petris,497-976-7854,hwalklate8j@lycos.com,Hendrik,Walklate,1,5,371-605-7769,hwalklate8j@addthis.com,1,senior,8,Chemistry
Donna,Hrus,732-822-9475,oaslett8k@a8.net,Oralla,Aslett,1,4,390-291-7652,oaslett8k@microsoft.com,2,senior,8,Chemistry
Hamish,Oiseau,691-708-8532,kwesthofer8l@addtoany.com,Kit,Westhofer,2,1,233-667-3547,kwesthofer8l@flickr.com,2,senior,10,Art
Darlleen,Paolini,303-644-9250,ptracey8m@telegraph.co.uk,Pavlov,Tracey,2,7,569-634-0284,ptracey8m@examiner.com,2,senior,3,PE
Lari,Southern,180-923-8101,lokeshott8n@nationalgeographic.com,Lebbie,Okeshott,2,6,734-155-0082,lokeshott8n@woothemes.com,2,middle,6,PE
Florie,Setterfield,517-370-2881,ckissock8o@cbslocal.com,Chan,Kissock,2,3,966-594-5452,ckissock8o@cyberchimps.com,3,middle,2,History
Reynard,Hassin,970-271-9536,vlattimer8p@mediafire.com,Vinny,Lattimer,1,10,775-375-6411,vlattimer8p@sbwire.com,2,senior,6,Spanish
Edsel,Peake,204-892-1844,ehodges8q@booking.com,Eartha,Hodges,2,6,813-983-8372,ehodges8q@blogs.com,1,middle,7,Chemistry
Una,Elsmore,172-980-5418,wverrick8r@macromedia.com,Wilie,Verrick,2,8,749-174-1219,wverrick8r@bloglovin.com,3,junior,1,Maths
Bee,Lennard,634-773-3050,ntarquini8s@opensource.org,Norine,Tarquini,3,9,629-103-1378,ntarquini8s@trellian.com,2,senior,4,English
Wolf,Gonnelly,558-488-7464,bparkins8t@aboutads.info,Brianne,Parkins,3,2,514-690-5064,bparkins8t@youtu.be,2,middle,8,Biology
Garrett,Simenel,867-726-7293,rortet8u@nih.gov,Roana,Ortet,1,8,890-651-2570,rortet8u@blogger.com,2,junior,9,History
Jesselyn,Stovell,963-537-2433,hgiffaut8v@acquirethisname.com,Hy,Giffaut,2,4,658-116-2064,hgiffaut8v@godaddy.com,2,senior,1,Chemistry
Celina,Awty,884-950-8431,lcubbinelli8w@edublogs.org,Lem,Cubbinelli,2,5,147-294-1834,lcubbinelli8w@netscape.com,3,junior,5,English
Lin,Scimonelli,552-313-0335,jdeadman8x@jimdo.com,Jay,Deadman,1,10,527-169-9753,jdeadman8x@blinklist.com,1,middle,8,Chemistry
Chaddie,Dartnell,294-211-8400,asamworth8y@hp.com,Amber,Samworth,2,7,113-957-5811,asamworth8y@bloglovin.com,1,junior,6,Spanish
Randall,Hewlings,607-131-1744,hheater8z@linkedin.com,Haley,Heater,3,6,477-221-0585,hheater8z@360.cn,3,junior,10,Physics
Meta,Woolfall,955-491-7985,fcoggan90@jiathis.com,Felicia,Coggan,2,5,459-928-3920,fcoggan90@elegantthemes.com,3,senior,1,English
Dani,Betjes,832-241-6236,opocklington91@patch.com,Olympia,Pocklington,1,3,954-967-6849,opocklington91@typepad.com,1,junior,10,PE
Hilary,Arnely,448-937-9339,cpieroni92@ibm.com,Cassey,Pieroni,2,7,943-572-9512,cpieroni92@pen.io,3,senior,9,English
Neron,Triplow,844-896-6542,eselwood93@kickstarter.com,Edwin,Selwood,3,4,514-817-3912,eselwood93@posterous.com,2,middle,8,English
Oswald,Blaber,537-965-0830,lrubinovitsch94@ftc.gov,Lianne,Rubinovitsch,2,9,363-829-5004,lrubinovitsch94@bloomberg.com,3,junior,8,Spanish
Sabina,Hefford,503-624-2937,cleverett95@google.es,Cecil,Leverett,3,5,299-408-5608,cleverett95@mapy.cz,1,senior,8,PE
Bron,Clemmey,608-791-1668,cwythill96@hp.com,Conney,Wythill,1,4,492-391-5141,cwythill96@stanford.edu,1,senior,6,Maths
Kirk,Galvin,759-539-8292,sfarran97@accuweather.com,Shurwood,Farran,3,1,555-621-1224,sfarran97@angelfire.com,3,senior,7,PE
Remy,Costain,777-867-5254,pgealy98@google.cn,Pete,Gealy,2,3,440-310-5618,pgealy98@joomla.org,2,senior,7,History
Shandie,Westphalen,655-932-5224,adobel99@redcross.org,Augustine,Dobel,3,8,402-228-1025,adobel99@cargocollective.com,3,junior,9,French
Lina,Statefield,625-830-4892,mchantree9a@sourceforge.net,Merilee,Chantree,1,3,262-223-5385,mchantree9a@pcworld.com,1,senior,6,Chemistry
Madison,Primarolo,628-862-8720,htrevethan9b@google.com.au,Helenelizabeth,Trevethan,1,6,229-860-3005,htrevethan9b@hostgator.com,3,senior,6,Art
Nicholas,Warwick,617-189-7476,jelsmor9c@netvibes.com,Jennie,Elsmor,1,9,430-145-1940,jelsmor9c@ft.com,1,senior,6,Spanish
Jermain,Doring,436-785-8248,ccutts9d@dropbox.com,Chance,Cutts,1,3,833-707-2394,ccutts9d@youtu.be,3,middle,5,Art
Taddeusz,Libbey,867-491-8745,cabbay9e@bing.com,Corey,Abbay,2,4,190-449-4175,cabbay9e@woothemes.com,1,senior,2,Maths
Blair,Lindenboim,639-568-3220,jgraysmark9f@feedburner.com,Joelie,Graysmark,1,2,373-459-0881,jgraysmark9f@icio.us,2,junior,9,Physics
Juditha,Winteringham,454-379-5585,tjillitt9g@tuttocitta.it,Trixi,Jillitt,1,5,746-607-8544,tjillitt9g@lycos.com,1,junior,7,Spanish
Marcello,Ginie,256-638-4492,mdunseith9h@ebay.co.uk,Melodie,Dunseith,1,9,954-481-7438,mdunseith9h@qq.com,3,junior,8,Spanish
Carola,Searjeant,818-995-0378,nsherlaw9i@epa.gov,Nicolina,Sherlaw,3,8,540-639-0621,nsherlaw9i@symantec.com,1,middle,8,Spanish
Palmer,Serginson,214-484-6239,mwingrove9j@mediafire.com,Mylo,Wingrove,2,5,747-314-9760,mwingrove9j@purevolume.com,3,middle,5,Spanish
Val,MacNally,704-446-4902,htellenbroker9k@slashdot.org,Hermia,Tellenbroker,1,7,285-210-4483,htellenbroker9k@bigcartel.com,1,junior,6,History
Belva,Menego,990-208-8303,rmetzig9l@uol.com.br,Ransell,Metzig,1,6,827-207-2881,rmetzig9l@t-online.de,2,junior,9,Biology
Malanie,Gaskell,388-392-1456,hlandre9m@umn.edu,Harmonie,Landre,1,5,437-178-1278,hlandre9m@liveinternet.ru,1,middle,5,History
Lita,Goede,399-638-8686,rdelue9n@github.io,Russell,Delue,2,10,582-226-3061,rdelue9n@stanford.edu,3,middle,3,Chemistry
Ebonee,Carolan,319-856-7529,jmaciaszek9o@jalbum.net,Jennilee,Maciaszek,3,2,525-703-2343,jmaciaszek9o@fc2.com,1,senior,9,Maths
Maxy,Cheshir,600-435-4609,kminichillo9p@goo.ne.jp,Kiley,Minichillo,3,1,764-827-7081,kminichillo9p@cbc.ca,3,senior,2,Biology
Shauna,Alldred,275-819-9592,dpahl9q@xing.com,Dyan,Pahl,3,4,417-113-8993,dpahl9q@baidu.com,2,junior,10,PE
Milka,Ciciari,541-837-7889,sguerin9r@clickbank.net,Sofie,Guerin,3,9,121-230-9893,sguerin9r@angelfire.com,2,middle,1,English
Winny,Purkins,320-954-2591,lzimmerman9s@indiatimes.com,Leone,Zimmerman,2,3,805-408-2046,lzimmerman9s@china.com.cn,2,middle,8,Physics
Ole,Young,899-241-4654,lsauvan9t@sun.com,Lenard,Sauvan,2,4,480-489-6828,lsauvan9t@vk.com,2,senior,8,Biology
Dolley,Snasdell,948-349-6045,sadrian9u@wordpress.com,Sarena,Adrian,2,7,261-867-1071,sadrian9u@bluehost.com,2,senior,2,French
Saxon,O' Reagan,425-105-5821,gwathell9v@wisc.edu,Gaven,Wathell,2,3,808-973-2356,gwathell9v@vinaora.com,3,junior,2,Biology
Jasmin,Sevior,721-701-4460,adewis9w@cbc.ca,Aurea,Dewis,1,6,118-236-9097,adewis9w@google.fr,3,middle,1,History
Rayner,McDell,714-153-9054,mdugo9x@mit.edu,Murdoch,D'Ugo,3,8,200-433-3992,mdugo9x@amazonaws.com,3,middle,10,Art
Gauthier,Nealey,993-560-0966,kbengough9y@mtv.com,Kellie,Bengough,2,8,131-988-0472,kbengough9y@jugem.jp,2,junior,1,Chemistry
Nancee,Givens,538-361-0924,akersey9z@alibaba.com,Addia,Kersey,1,9,827-768-6553,akersey9z@ocn.ne.jp,1,junior,1,Art
Roselle,Drillingcourt,511-333-8552,ostuehmeyera0@stumbleupon.com,Ofilia,Stuehmeyer,2,5,279-931-9384,ostuehmeyera0@google.de,1,senior,10,Biology
Maisie,Birckmann,422-105-3395,mstayta1@google.fr,Marjy,Stayt,2,4,704-572-8278,mstayta1@arstechnica.com,3,middle,8,PE
Lucho,Hoogendorp,653-139-3204,bsaicha2@examiner.com,Betsy,Saich,3,8,779-265-1560,bsaicha2@nifty.com,1,junior,6,French
Anett,Doherty,900-299-6871,lredmirea3@xinhuanet.com,Laurianne,Redmire,1,9,281-762-0876,lredmirea3@jiathis.com,2,junior,2,Art
Keenan,Antonellini,477-280-4128,tmilvertona4@spiegel.de,Therine,Milverton,1,7,167-170-0338,tmilvertona4@dagondesign.com,1,senior,1,Spanish
Brianna,Alabastar,739-719-2490,tmackonochiea5@chicagotribune.com,Tobe,MacKonochie,3,2,345-235-2785,tmackonochiea5@google.nl,2,middle,8,Biology
Zenia,McKleod,693-698-7702,mcollabinea6@histats.com,Mathilde,Collabine,1,6,604-730-4579,mcollabinea6@house.gov,1,junior,3,French
Hazel,Kilrow,718-721-4928,bzannia7@goo.ne.jp,Berenice,Zanni,2,6,560-767-5735,bzannia7@wunderground.com,2,senior,4,PE
Johna,Beller,164-413-0743,pinkpena8@auda.org.au,Peyton,Inkpen,1,8,359-598-3834,pinkpena8@123-reg.co.uk,2,junior,7,Art
Darline,Sancias,328-788-9923,ymicaha9@ycombinator.com,Yehudi,Micah,2,8,455-736-0116,ymicaha9@spotify.com,2,junior,1,Biology
Darelle,Brough,318-348-1502,fscarletaa@ameblo.jp,Fidel,Scarlet,3,2,693-921-9794,fscarletaa@yellowbook.com,1,senior,1,Biology
Mureil,Furminger,118-625-9910,odanzigab@phoca.cz,Oneida,Danzig,1,4,249-268-0424,odanzigab@guardian.co.uk,2,junior,1,Chemistry
Luz,Tomkowicz,634-879-6373,rdoughtyac@lulu.com,Ranique,Doughty,1,9,480-166-3606,rdoughtyac@instagram.com,2,junior,4,French
Udale,Flacknell,431-233-9163,mtotenad@bloomberg.com,Marrilee,Toten,3,5,860-452-5987,mtotenad@admin.ch,1,junior,4,French
Bidget,Veneur,385-286-7011,gsaleryae@example.com,Gusta,Salery,2,10,613-636-3771,gsaleryae@unicef.org,1,senior,9,PE
Berty,Galego,131-614-0631,nperrottaf@nifty.com,Natassia,Perrott,2,3,240-302-2648,nperrottaf@ning.com,2,senior,6,Chemistry
Elnore,Keenan,146-753-9382,rtewkesburyag@newyorker.com,Randy,Tewkesbury,3,5,135-420-6215,rtewkesburyag@gmpg.org,2,middle,2,Biology
Phip,Knudsen,603-149-4347,sschankelborgah@barnesandnoble.com,Sawyer,Schankelborg,2,9,664-299-5893,sschankelborgah@dagondesign.com,1,junior,10,PE
Kari,Ballston,490-987-8159,gmcrillai@tiny.cc,Gibby,McRill,3,6,822-701-5158,gmcrillai@arstechnica.com,3,senior,9,Art
Sheila-kathryn,Leuty,234-923-2691,aswalwellaj@tripod.com,Alexandros,Swalwell,2,8,315-838-2442,aswalwellaj@purevolume.com,2,middle,10,PE
Roanne,Boatwright,781-973-8111,ppresserak@wordpress.com,Phedra,Presser,3,8,614-201-9661,ppresserak@soup.io,2,middle,5,Physics
Douglass,Garmon,465-539-1523,cstudmanal@apache.org,Corinna,Studman,1,2,221-842-1661,cstudmanal@theguardian.com,1,middle,9,Chemistry
Coleen,Coade,456-752-7602,rmcgrawam@bloomberg.com,Rooney,McGraw,2,2,270-886-0547,rmcgrawam@ucoz.com,3,senior,4,History
Terence,Addinall,303-765-3363,mhigounetan@etsy.com,Markus,Higounet,3,9,189-561-7753,mhigounetan@shinystat.com,1,junior,4,Biology
Yehudi,Cockrill,720-855-4031,rfellgattao@yolasite.com,Rolf,Fellgatt,1,3,874-262-8095,rfellgattao@newyorker.com,1,junior,2,Maths
Antony,Aronstam,601-610-3343,vcastiglioneap@webs.com,Vin,Castiglione,2,8,119-751-3973,vcastiglioneap@bigcartel.com,2,junior,8,PE
Brittni,Murrison,149-462-5927,aclellandaq@mediafire.com,Anya,Clelland,2,3,656-793-1400,aclellandaq@reverbnation.com,2,junior,4,Biology
Raviv,Fairbourne,729-348-9110,rbenesar@fema.gov,Rori,Benes,2,8,361-665-6640,rbenesar@independent.co.uk,1,junior,3,Chemistry
Estel,Devericks,613-858-8654,cfontellas@vkontakte.ru,Calla,Fontell,1,2,771-322-5482,cfontellas@gizmodo.com,2,junior,1,Maths
Terrel,Prendiville,939-864-7008,cdorwardat@pcworld.com,Clerkclaude,Dorward,2,1,923-180-3616,cdorwardat@geocities.com,2,senior,9,English
Illa,Elsay,398-290-6381,asackerau@tripod.com,Aubine,Sacker,1,8,226-870-4428,asackerau@multiply.com,1,junior,6,Maths
Rhodia,Wolfe,709-972-3974,mmcpakeav@usnews.com,Maye,McPake,1,5,856-179-4061,mmcpakeav@icq.com,3,middle,6,Biology
Haily,Huston,892-205-4665,nmachanaw@ustream.tv,Norah,Machan,3,1,906-870-4183,nmachanaw@trellian.com,1,senior,7,Art
Hamel,Dumbarton,956-372-8123,rforbesax@apache.org,Reade,Forbes,3,9,276-393-5357,rforbesax@ucoz.ru,2,junior,7,Spanish
Nichole,Fellgatt,958-333-8222,npanasay@surveymonkey.com,Nial,Panas,1,1,978-650-0385,npanasay@vkontakte.ru,3,senior,2,English
Craggie,Antliff,112-406-6758,fmarkingaz@yolasite.com,Falito,Marking,2,8,170-195-3926,fmarkingaz@wix.com,2,senior,1,Art
Lauryn,Bugbird,188-513-7345,adesouzab0@columbia.edu,Amitie,Desouza,3,7,514-778-9346,adesouzab0@sakura.ne.jp,1,middle,7,Art
Rafi,Tolefree,521-752-9675,umorstonb1@economist.com,Ursuline,Morston,3,4,856-565-0232,umorstonb1@yellowpages.com,1,senior,6,History
Jerad,Cordell,100-827-7950,vpicottb2@hexun.com,Vitoria,Picott,3,3,983-710-6537,vpicottb2@answers.com,1,senior,6,PE
Janelle,Nisius,885-588-3633,lperroneb3@imgur.com,Leah,Perrone,1,8,656-325-0674,lperroneb3@disqus.com,2,junior,1,Maths
Danit,Karet,299-600-9650,gwicklenb4@engadget.com,Gannon,Wicklen,3,9,727-898-5353,gwicklenb4@amazonaws.com,3,middle,8,English
Lodovico,Gillcrist,584-852-8697,fpolglaseb5@google.fr,Franky,Polglase,1,1,853-814-8706,fpolglaseb5@omniture.com,2,junior,9,Physics
Sonnnie,O'Glassane,359-539-1422,lvittelb6@t.co,Letisha,Vittel,1,4,276-144-0866,lvittelb6@businessweek.com,3,senior,3,French
Tamas,Tuke,958-360-7061,bslimonb7@amazon.co.jp,Bellina,Slimon,2,3,313-599-1054,bslimonb7@acquirethisname.com,3,middle,4,Maths
Anne-marie,Lanning,743-359-3564,cgergherb8@cdbaby.com,Corrine,Gergher,2,9,812-977-9351,cgergherb8@statcounter.com,3,senior,6,Chemistry
Buck,Duckett,739-362-5909,rpotteridgeb9@un.org,Rickey,Potteridge,1,10,328-739-9892,rpotteridgeb9@smugmug.com,1,senior,9,Art
Bea,Davidowsky,186-350-4832,froystonba@auda.org.au,Flossy,Royston,3,6,357-714-4485,froystonba@netlog.com,2,senior,2,French
Wyatan,Negus,503-703-9237,fbouldsbb@desdev.cn,Farrell,Boulds,2,8,794-412-9587,fbouldsbb@ycombinator.com,2,middle,9,French
Sayers,Collete,757-213-5004,etreadawaybc@people.com.cn,Emlyn,Treadaway,2,1,598-781-9740,etreadawaybc@about.me,2,junior,8,Art
Oberon,Garside,291-406-3184,jgrimseybd@elegantthemes.com,Jason,Grimsey,1,1,687-606-2828,jgrimseybd@nydailynews.com,3,middle,6,English
Tessi,Linnock,657-821-7458,vrieplbe@ucsd.edu,Virgil,Riepl,1,6,205-723-6319,vrieplbe@163.com,2,senior,10,Spanish
Angie,Airlie,953-354-7427,kronaghanbf@alexa.com,Katrinka,Ronaghan,3,6,823-202-2157,kronaghanbf@taobao.com,3,middle,4,Spanish
Verena,Janatka,870-586-8149,lboarbg@edublogs.org,Lovell,Boar,1,9,215-423-9905,lboarbg@utexas.edu,3,middle,4,PE
Bronson,Dodswell,661-385-7940,pjouanetbh@google.com,Pooh,Jouanet,2,8,979-971-9188,pjouanetbh@geocities.jp,2,junior,3,Biology
Jaymie,Searl,146-107-3621,sfyfieldbi@over-blog.com,Stephenie,Fyfield,1,7,215-932-8895,sfyfieldbi@ft.com,1,junior,3,History
Alyosha,Bagwell,621-254-2703,grichardsonbj@slate.com,Gwennie,Richardson,1,8,667-520-2588,grichardsonbj@hibu.com,1,middle,9,Physics
Jacquenetta,Hambling,569-927-7823,ejennerybk@amazon.de,Etan,Jennery,3,3,744-480-0371,ejennerybk@posterous.com,1,junior,5,PE
Emelina,Sousa,988-270-5389,jlammerichbl@1und1.de,Joellyn,Lammerich,2,2,380-198-6093,jlammerichbl@exblog.jp,3,junior,10,English
Maxine,Anstiss,617-940-5199,pbendbm@bloglines.com,Pooh,Bend,2,6,301-454-9626,pbendbm@cbslocal.com,3,junior,8,French
Zeb,Gallacher,197-725-6205,rhalliganbn@webnode.com,Revkah,Halligan,2,1,858-929-5204,rhalliganbn@admin.ch,1,middle,7,PE
Marlyn,Schukert,708-156-1664,imessinghambo@usgs.gov,Inger,Messingham,3,4,547-651-4240,imessinghambo@sciencedirect.com,2,senior,2,Spanish
Darbee,Eyden,376-333-0841,hbraidenbp@cbsnews.com,Henrieta,Braiden,2,4,121-215-9047,hbraidenbp@sciencedirect.com,2,middle,7,History
Amelia,MacPike,762-474-3795,ehanneybq@omniture.com,Edik,Hanney,3,2,924-930-9033,ehanneybq@addthis.com,1,junior,4,PE
Valene,Heighway,122-639-6144,cmayersbr@ocn.ne.jp,Currie,Mayers,3,2,968-850-3031,cmayersbr@mapy.cz,1,junior,10,French
Ilyssa,Welchman,746-533-5851,hrobichonbs@apache.org,Helen-elizabeth,Robichon,1,1,630-491-1364,hrobichonbs@blogger.com,1,middle,5,Art
Bartolemo,Tavernor,798-599-6555,tcarlettbt@nyu.edu,Tiffy,Carlett,2,6,131-514-3079,tcarlettbt@jalbum.net,2,middle,1,Art
Kaitlyn,O'Fairy,702-823-8444,dfippbu@aol.com,Druci,Fipp,3,2,164-894-1229,dfippbu@booking.com,1,middle,9,Biology
Linnea,Folcarelli,300-857-2374,esemourbv@joomla.org,Ezmeralda,Semour,1,10,989-760-8849,esemourbv@edublogs.org,3,junior,6,Art
Norene,Altree,634-645-7589,rcudbybw@dot.gov,Ripley,Cudby,1,3,745-800-9536,rcudbybw@altervista.org,3,junior,3,PE
Gabriella,Keatley,424-467-6152,corwinbx@networksolutions.com,Carlynn,Orwin,3,4,974-266-7559,corwinbx@icq.com,1,junior,7,Biology
Curtice,Petru,488-737-0194,dchurchillby@drupal.org,Devinne,Churchill,3,4,609-190-2430,dchurchillby@desdev.cn,3,junior,3,PE
Jackie,Cridge,728-584-2994,sbrettlebz@huffingtonpost.com,Sharline,Brettle,3,3,502-860-1523,sbrettlebz@google.com,2,senior,4,Biology
Christye,Melia,426-847-0439,cavramovskyc0@disqus.com,Conchita,Avramovsky,2,2,263-340-5111,cavramovskyc0@mayoclinic.com,1,senior,8,Chemistry
Nelli,Dunstone,733-899-8039,ewoolmingtonc1@com.com,Evie,Woolmington,3,1,981-463-8184,ewoolmingtonc1@dmoz.org,1,senior,4,Spanish
Tatum,Gipp,502-890-7567,ffaussettc2@so-net.ne.jp,Fairfax,Faussett,2,6,180-791-5406,ffaussettc2@state.tx.us,2,middle,4,Maths
Dalston,Yearnsley,508-382-6728,rpauc3@hugedomains.com,Raleigh,Pau,3,6,791-534-0464,rpauc3@ted.com,1,junior,3,History
Elwyn,Kingaby,494-491-4934,eannandalec4@economist.com,Enrika,Annandale,2,2,604-947-5729,eannandalec4@liveinternet.ru,2,senior,3,History
Yankee,Hub,427-177-8694,cargoc5@hatena.ne.jp,Cully,Argo,3,1,807-558-2128,cargoc5@wikimedia.org,2,junior,10,Maths
Bink,Woollett,603-808-2167,tlahiffc6@google.it,Terrel,Lahiff,2,5,119-688-4274,tlahiffc6@house.gov,2,senior,3,French
Donnie,Ickovic,760-465-6872,hprovestc7@ucoz.ru,Hilarius,Provest,3,7,266-165-4093,hprovestc7@nationalgeographic.com,2,middle,6,English
Joice,Ditchfield,283-478-6625,apetyaninc8@google.de,Arty,Petyanin,2,5,543-285-6560,apetyaninc8@tumblr.com,3,middle,5,Maths
Kiersten,Partridge,590-935-4822,heddoesc9@springer.com,Heall,Eddoes,1,5,367-875-2394,heddoesc9@whitehouse.gov,3,senior,10,Biology
Valdemar,Jendrys,686-117-9108,sdoultonca@bbb.org,Sherry,Doulton,2,10,223-423-2658,sdoultonca@google.co.uk,2,senior,7,PE
Catarina,Marritt,937-128-5333,nsydenhamcb@wikimedia.org,Nikita,Sydenham,2,9,575-757-4771,nsydenhamcb@apple.com,2,junior,6,Art
Pamelina,MacCarter,425-102-6745,bculshawcc@msn.com,Benedetto,Culshaw,2,2,616-441-8814,bculshawcc@eventbrite.com,2,senior,4,English
Thorny,Fittis,516-990-1468,eandruscd@census.gov,Elene,Andrus,3,7,540-691-1785,eandruscd@geocities.jp,3,middle,4,Spanish
Ingrid,Back,708-741-0729,lconybearce@lulu.com,Lily,Conybear,3,8,369-844-9601,lconybearce@sun.com,2,senior,9,Chemistry
Billi,Kopmann,775-383-0796,aglaubercf@google.cn,Audie,Glauber,2,2,826-462-4028,aglaubercf@hp.com,2,junior,8,PE
Arabel,Bunny,780-398-7594,elannincg@china.com.cn,Emmy,Lannin,2,6,634-107-7311,elannincg@sun.com,3,middle,3,English
Arturo,MacCarter,295-234-4129,bbluesch@gov.uk,Brooks,Blues,2,7,139-733-4074,bbluesch@eventbrite.com,2,junior,2,Biology
Blinni,Durnford,936-893-1907,sjosifovitzci@google.com.hk,Saul,Josifovitz,2,9,671-814-7870,sjosifovitzci@msu.edu,2,middle,10,Chemistry
Ezechiel,Meehan,650-770-7583,mguillaincj@google.pl,Merrill,Guillain,1,5,903-495-3959,mguillaincj@rakuten.co.jp,1,junior,10,Maths
Bibbie,Loch,273-211-8633,pberriganck@e-recht24.de,Patrice,Berrigan,1,3,303-452-9671,pberriganck@psu.edu,1,junior,4,PE
Estel,Claworth,978-482-7728,mstjohncl@prlog.org,Markos,St. John,2,4,966-784-7746,mstjohncl@com.com,3,middle,4,French
Natalee,Janak,451-713-6804,ajordansoncm@alibaba.com,Alexei,Jordanson,2,8,627-868-9126,ajordansoncm@drupal.org,1,senior,3,Physics
Janis,Hallock,680-400-7435,fvellendercn@yelp.com,Fanny,Vellender,2,2,405-199-0350,fvellendercn@indiatimes.com,3,senior,5,Physics
Niles,Salla,717-769-0964,dstrathearnco@economist.com,Donn,Strathearn,3,4,167-483-3836,dstrathearnco@ezinearticles.com,3,senior,9,English
Emmey,Sandever,938-901-2961,gventhamcp@constantcontact.com,Gretna,Ventham,1,7,257-650-0409,gventhamcp@webmd.com,1,middle,6,French
Shepperd,Forsythe,308-433-0562,elackmanncq@skype.com,Ev,Lackmann,3,2,290-140-6677,elackmanncq@paginegialle.it,1,junior,3,Chemistry
Micky,Borley,521-433-5810,ddanilovitchcr@loc.gov,Dinny,Danilovitch,1,8,589-923-5820,ddanilovitchcr@delicious.com,2,junior,6,Maths
Pate,Richardson,374-516-0455,dmanssuercs@hao123.com,Dena,Manssuer,3,9,960-939-0091,dmanssuercs@discuz.net,3,middle,3,Biology
Magdalen,Lorentzen,581-556-2516,kkleimtct@rambler.ru,Kassandra,Kleimt,2,10,422-211-8424,kkleimtct@tripod.com,1,senior,7,Chemistry
Malena,Tolland,249-810-2397,hkitchinghamcu@noaa.gov,Hube,Kitchingham,1,2,122-834-4107,hkitchinghamcu@ebay.co.uk,2,junior,7,Spanish
Boony,Vasyukhnov,756-712-0313,fconorcv@networkadvertising.org,Florian,Conor,2,4,419-856-3683,fconorcv@google.nl,3,senior,3,Maths
Annemarie,Dickons,804-474-0764,jralestoncw@comsenz.com,Jessey,Raleston,2,3,533-690-6365,jralestoncw@ovh.net,2,junior,5,Spanish
Hildagard,Vlahos,771-577-8887,kdimitrucx@about.me,Kaine,Dimitru,2,6,612-261-8289,kdimitrucx@shareasale.com,2,middle,8,Physics
Rhodie,Marousek,635-627-8427,cbleackleycy@usgs.gov,Cordula,Bleackley,1,6,586-388-3305,cbleackleycy@webs.com,2,middle,9,Spanish
Tamas,Skirven,632-913-8180,lbraamcz@typepad.com,Lauri,Braam,2,1,269-817-5919,lbraamcz@booking.com,3,middle,6,Biology
Julina,Perks,327-948-7772,cguillaind0@springer.com,Corrine,Guillain,3,1,778-879-6846,cguillaind0@vistaprint.com,2,middle,8,Physics
Silvie,Galpin,819-783-4069,iragatd1@pinterest.com,Inga,Ragat,1,6,286-799-5201,iragatd1@marketwatch.com,1,middle,1,Maths
Cheryl,Ohms,239-835-6559,mcoursed2@java.com,Merrel,Course,2,6,431-907-0994,mcoursed2@youtu.be,2,senior,9,English
Artemas,Langfitt,125-476-4519,goliphardd3@cyberchimps.com,Godiva,Oliphard,2,8,979-800-8584,goliphardd3@quantcast.com,1,middle,5,PE
Cele,Chivers,918-123-8098,owillarsd4@nba.com,Olva,Willars,1,6,874-483-6546,owillarsd4@webnode.com,2,middle,10,Physics
Basilius,Copcote,617-507-6179,aturneauxd5@clickbank.net,Arabelle,Turneaux,1,10,840-829-2592,aturneauxd5@dailymail.co.uk,1,senior,4,French
Alexi,Swane,321-307-1527,sshaxbyd6@jalbum.net,Shae,Shaxby,1,9,286-708-8004,sshaxbyd6@apple.com,1,junior,6,Art
Aloysius,Feighney,680-891-6153,imetzingd7@hhs.gov,Isak,Metzing,3,4,383-501-9942,imetzingd7@diigo.com,2,junior,5,Maths
Fredrika,Eger,693-588-6357,amateud8@sogou.com,Agatha,Mateu,1,1,447-442-2347,amateud8@mashable.com,1,senior,10,Spanish
Lenee,Simonite,838-988-3044,kpringelld9@wiley.com,Karina,Pringell,3,9,246-153-8893,kpringelld9@angelfire.com,3,senior,3,Art
Briana,Leith,706-239-9048,rsnellingda@google.com.au,Raul,Snelling,2,5,986-761-9573,rsnellingda@jigsy.com,1,junior,10,History
Patsy,Todhunter,422-953-5246,ncrippsdb@wix.com,Nannie,Cripps,1,10,652-964-9145,ncrippsdb@who.int,3,middle,7,PE
Berte,Klaff,590-579-1256,jbielefelddc@google.ru,Johnnie,Bielefeld,3,3,764-881-9103,jbielefelddc@zimbio.com,2,senior,9,History
Guido,Bumpass,501-969-4806,rcopasdd@alibaba.com,Robert,Copas,2,9,293-372-7253,rcopasdd@newyorker.com,1,middle,10,Maths
Nicholle,Andriessen,983-249-9651,syterde@google.com.au,Spencer,Yter,2,1,762-258-4270,syterde@addthis.com,2,junior,7,Maths
Mychal,Wolledge,881-348-7167,mreddecliffedf@bbc.co.uk,Mirabel,Reddecliffe,2,10,641-478-5948,mreddecliffedf@slashdot.org,1,junior,5,Biology
Berti,Smidmor,704-691-8354,pkierandg@behance.net,Priscilla,Kieran,1,3,806-184-7838,pkierandg@ucla.edu,2,senior,5,Biology
Gisela,Blackston,993-755-5391,lportmandh@desdev.cn,Lotte,Portman,2,10,416-340-8641,lportmandh@go.com,3,senior,8,English
Marthe,Bernardin,337-782-8147,mdruerydi@tumblr.com,Maible,Druery,1,3,308-498-0444,mdruerydi@furl.net,1,junior,10,History
Tina,Plumptre,717-821-6280,ckalldj@merriam-webster.com,Carlo,Kall,2,7,592-437-1237,ckalldj@salon.com,2,senior,10,French
Travis,Gallico,137-383-4740,amclanachandk@cyberchimps.com,Arliene,McLanachan,3,7,820-112-1168,amclanachandk@princeton.edu,3,junior,7,PE
Normand,Vallery,293-641-5075,kstivedl@t-online.de,Kin,Stive,3,5,374-856-7509,kstivedl@tripod.com,1,middle,9,Spanish
Renaldo,Crockley,733-710-4690,mbonifaziodm@friendfeed.com,Millard,Bonifazio,1,8,256-503-0168,mbonifaziodm@xing.com,2,junior,6,French
Alida,Pigden,365-286-7908,tcrockerdn@biglobe.ne.jp,Tracee,Crocker,1,1,243-408-1104,tcrockerdn@google.com.au,1,senior,9,History
Dorise,Eary,649-455-3669,omarfedo@nps.gov,Olwen,Marfe,1,9,485-620-9355,omarfedo@utexas.edu,2,senior,9,Spanish
Cammy,McWhorter,355-933-3501,abelbindp@nsw.gov.au,Adela,Belbin,2,9,360-902-6339,abelbindp@bbc.co.uk,1,junior,1,Art
Ram,Janton,884-188-6789,acrosierdq@ibm.com,Austina,Crosier,1,9,720-612-9057,acrosierdq@about.com,2,senior,2,English
Chryste,Twitchings,858-641-9307,vgladwelldr@auda.org.au,Verla,Gladwell,1,10,677-348-1542,vgladwelldr@who.int,2,middle,4,History
Elnore,Gridon,225-200-1124,fantonovds@desdev.cn,Fredric,Antonov,1,6,767-150-2733,fantonovds@cornell.edu,2,senior,5,French
Alethea,Satterly,638-315-0125,aansilldt@disqus.com,Aland,Ansill,3,6,897-294-2334,aansilldt@woothemes.com,2,senior,1,English
Jerrilee,Wroath,552-577-0783,pbulluckdu@multiply.com,Pavlov,Bulluck,2,3,323-985-5512,pbulluckdu@marriott.com,1,junior,4,French
Lelah,Simmers,260-208-9471,cbanaszewskidv@cbslocal.com,Candie,Banaszewski,3,3,577-613-8193,cbanaszewskidv@moonfruit.com,1,junior,1,Chemistry
